"depth","tave","tave_errors","tmin","tmin_errors","tmax","tmax_errors","annp","annp_errors","min_dissim","analog_ID2_1","analog_1","analog_1_LATDD","analog_1_LONDD","dissim_1","analog_ID2_2","analog_2","analog_2_LATDD","analog_2_LONDD","dissim_2","analog_ID2_3","analog_3","analog_3_LATDD","analog_3_LONDD","dissim_3","analog_ID2_4","analog_4","analog_4_LATDD","analog_4_LONDD","dissim_4","analog_ID2_5","analog_5","analog_5_LATDD","analog_5_LONDD","dissim_5","analog_ID2_6","analog_6","analog_6_LATDD","analog_6_LONDD","dissim_6","analog_ID2_7","analog_7","analog_7_LATDD","analog_7_LONDD","dissim_7"
0.5,15.2745425224359,1.66828821574011,9.55686791672538,3.4777471720467,20.8081894394619,1.81619872855878,1175.92059426021,128.859352577725,0.13153779951799,4856,"Dismal Swamp Surface 587PC",36.62209533,-76.46505958,0.13153779951799,4850,"Dismal Swamp Surface 564PC",36.71309807,-76.43328287,0.143121358968653,4855,"Dismal Swamp Surface 506.PC",36.45447445,-76.48585693,0.18919492413697,4858,"Dismal Swamp Surface 100.PC",36.61685555,-76.49556669,0.195098775487159,4846,"Dismal Swamp Surface 516PC",36.49594501,-76.50088551,0.198288181113159,4851,"Dismal Swamp Surface 536PC",36.50699956,-76.45263358,0.206114922808498,4852,"Dismal Swamp Surface 520PC",36.53505279,-76.51870888,0.21138221805472
1.5,15.3032309586222,1.66851462946401,6.4305534717836,4.83129288773784,23.0760656359015,2.95083912781652,1181.93626420514,128.989005391851,0.0847240283650126,4856,"Dismal Swamp Surface 587PC",36.62209533,-76.46505958,0.0847240283650126,4850,"Dismal Swamp Surface 564PC",36.71309807,-76.43328287,0.12606367938982,4858,"Dismal Swamp Surface 100.PC",36.61685555,-76.49556669,0.129796954148471,121,"Rockyhock Bay1",36.167,-76.683,0.134570971334108,4846,"Dismal Swamp Surface 516PC",36.49594501,-76.50088551,0.139084796992557,4855,"Dismal Swamp Surface 506.PC",36.45447445,-76.48585693,0.140364595719128,4852,"Dismal Swamp Surface 520PC",36.53505279,-76.51870888,0.146134581193654
2.5,15.2858655873067,1.66846173580289,9.11968530345176,3.80341383883399,21.2419282787662,2.24520364411289,1178.32169181215,128.964541566583,0.100867946681713,4856,"Dismal Swamp Surface 587PC",36.62209533,-76.46505958,0.100867946681713,4850,"Dismal Swamp Surface 564PC",36.71309807,-76.43328287,0.133158056008986,4858,"Dismal Swamp Surface 100.PC",36.61685555,-76.49556669,0.161782853239948,4852,"Dismal Swamp Surface 520PC",36.53505279,-76.51870888,0.169866796393002,4855,"Dismal Swamp Surface 506.PC",36.45447445,-76.48585693,0.17026350544549,4857,"Dismal Swamp Surface 599PC",36.54938894,-76.53757461,0.181881282339601,4925,"Roanoke Surface Treetag 89",35.89282,-77.03937,0.184684997670404
3.5,15.3229048614461,1.66866639376477,9.22141938433406,3.58651619340274,21.2126883674301,1.90163801542101,1190.62421992046,129.130030738643,0.157600658143065,4856,"Dismal Swamp Surface 587PC",36.62209533,-76.46505958,0.157600658143065,4850,"Dismal Swamp Surface 564PC",36.71309807,-76.43328287,0.185355002369802,4936,"Roanoke Surface Treetag 24",35.89945,-76.9337,0.198271691957016,4858,"Dismal Swamp Surface 100.PC",36.61685555,-76.49556669,0.224226380853502,4855,"Dismal Swamp Surface 506.PC",36.45447445,-76.48585693,0.225330525228833,4968,"Roanoke Surface Treetag 984",35.93343,-77.17358,0.227574056777227,4846,"Dismal Swamp Surface 516PC",36.49594501,-76.50088551,0.227996843873456
4.5,15.2639636332474,1.66824082454438,9.51054219261591,3.54999370020054,20.8752270539824,1.90198149821298,1174.33033642949,128.833205564678,0.0820602716512649,4856,"Dismal Swamp Surface 587PC",36.62209533,-76.46505958,0.0820602716512649,4850,"Dismal Swamp Surface 564PC",36.71309807,-76.43328287,0.156939189549444,4852,"Dismal Swamp Surface 520PC",36.53505279,-76.51870888,0.163050400185688,4855,"Dismal Swamp Surface 506.PC",36.45447445,-76.48585693,0.167669360979449,4858,"Dismal Swamp Surface 100.PC",36.61685555,-76.49556669,0.180936835942252,4857,"Dismal Swamp Surface 599PC",36.54938894,-76.53757461,0.193120184027074,4853,"Dismal Swamp Surface 84.PC",36.69073432,-76.50510304,0.195219767378696
5.5,15.3035650506763,1.66834791171052,8.32062990203925,4.14996580498556,21.8905729203907,2.53616296320651,1180.74953583356,128.951063632378,0.160161787506319,4850,"Dismal Swamp Surface 564PC",36.71309807,-76.43328287,0.160161787506319,4851,"Dismal Swamp Surface 536PC",36.50699956,-76.45263358,0.161002843922035,4846,"Dismal Swamp Surface 516PC",36.49594501,-76.50088551,0.169428642483594,4856,"Dismal Swamp Surface 587PC",36.62209533,-76.46505958,0.17577182616193,4852,"Dismal Swamp Surface 520PC",36.53505279,-76.51870888,0.183411103125433,4855,"Dismal Swamp Surface 506.PC",36.45447445,-76.48585693,0.185629441258578,121,"Rockyhock Bay1",36.167,-76.683,0.187019928932772
6.5,15.3026515959967,1.66823052588959,9.86549319627583,3.28358561249425,20.7636741529751,1.66515334107646,1180.71735059808,128.893512178136,0.135966606611432,4850,"Dismal Swamp Surface 564PC",36.71309807,-76.43328287,0.135966606611432,4846,"Dismal Swamp Surface 516PC",36.49594501,-76.50088551,0.177736223594919,4841,"Dismal Swamp Surface 514PC",36.51367751,-76.47606645,0.181162031866304,4855,"Dismal Swamp Surface 506.PC",36.45447445,-76.48585693,0.182621439405564,4851,"Dismal Swamp Surface 536PC",36.50699956,-76.45263358,0.187963598985205,4912,"Roanoke Surface Treetag 346",35.9352,-77.13089,0.194214360978409,4856,"Dismal Swamp Surface 587PC",36.62209533,-76.46505958,0.200046531121651
7.5,15.2973774705351,1.66828973708376,9.79188501861563,3.28443470864467,20.8295949378505,1.66770256083652,1183.05734870117,128.894568331325,0.147447575415186,4850,"Dismal Swamp Surface 564PC",36.71309807,-76.43328287,0.147447575415186,4912,"Roanoke Surface Treetag 346",35.9352,-77.13089,0.149175526710714,4851,"Dismal Swamp Surface 536PC",36.50699956,-76.45263358,0.153239091016236,4846,"Dismal Swamp Surface 516PC",36.49594501,-76.50088551,0.154971313608709,4855,"Dismal Swamp Surface 506.PC",36.45447445,-76.48585693,0.158499711604306,4859,"Dismal Swamp Surface 82.PC",36.60138189,-76.52574322,0.163977122409694,4843,"Dismal Swamp Surface 513PC",36.4895015,-76.4677117,0.165934637362103
8.5,15.3015046582546,1.66829180059132,9.78588983896183,3.28434321720242,20.8740259041015,1.69176182429199,1183.47975390792,128.906829887239,0.143953765165583,4843,"Dismal Swamp Surface 513PC",36.4895015,-76.4677117,0.143953765165583,4912,"Roanoke Surface Treetag 346",35.9352,-77.13089,0.174671206311367,4850,"Dismal Swamp Surface 564PC",36.71309807,-76.43328287,0.180295566094806,4846,"Dismal Swamp Surface 516PC",36.49594501,-76.50088551,0.182707644910416,4841,"Dismal Swamp Surface 514PC",36.51367751,-76.47606645,0.183066625624964,4851,"Dismal Swamp Surface 536PC",36.50699956,-76.45263358,0.192999685914066,4864,"Dismal Swamp Surface 510N",36.4584142,-76.48189497,0.196418350584923
9.5,15.2911769184744,1.66831153344449,9.25065691772238,3.62007544146119,21.1969701292488,2.04830837224592,1179.57609985091,128.928488419726,0.111814738858996,4856,"Dismal Swamp Surface 587PC",36.62209533,-76.46505958,0.111814738858996,4850,"Dismal Swamp Surface 564PC",36.71309807,-76.43328287,0.124295407924395,4855,"Dismal Swamp Surface 506.PC",36.45447445,-76.48585693,0.125862890423904,4852,"Dismal Swamp Surface 520PC",36.53505279,-76.51870888,0.134343861444095,4857,"Dismal Swamp Surface 599PC",36.54938894,-76.53757461,0.136341914520194,4851,"Dismal Swamp Surface 536PC",36.50699956,-76.45263358,0.145217883991269,4846,"Dismal Swamp Surface 516PC",36.49594501,-76.50088551,0.147459726674008
10.5,15.2994307743168,1.66830768885282,8.25403502686508,4.22556216441174,21.9795888586829,2.56180342575653,1181.35512919761,128.996475340482,0.103166712681315,4851,"Dismal Swamp Surface 536PC",36.50699956,-76.45263358,0.103166712681315,4846,"Dismal Swamp Surface 516PC",36.49594501,-76.50088551,0.117740324403689,4850,"Dismal Swamp Surface 564PC",36.71309807,-76.43328287,0.119143390625235,4856,"Dismal Swamp Surface 587PC",36.62209533,-76.46505958,0.126461272713801,4855,"Dismal Swamp Surface 506.PC",36.45447445,-76.48585693,0.138108318310186,4859,"Dismal Swamp Surface 82.PC",36.60138189,-76.52574322,0.141250096449591,121,"Rockyhock Bay1",36.167,-76.683,0.143256086601745
11.5,15.3212467665077,1.66829116708216,7.38283556195328,4.42304787356546,22.3590539457727,2.71335384590584,1183.19098782667,128.875297753922,0.109238041299012,4846,"Dismal Swamp Surface 516PC",36.49594501,-76.50088551,0.109238041299012,4851,"Dismal Swamp Surface 536PC",36.50699956,-76.45263358,0.132127811094792,4843,"Dismal Swamp Surface 513PC",36.4895015,-76.4677117,0.138651552715329,4852,"Dismal Swamp Surface 520PC",36.53505279,-76.51870888,0.141210518304674,4856,"Dismal Swamp Surface 587PC",36.62209533,-76.46505958,0.149676756384615,121,"Rockyhock Bay1",36.167,-76.683,0.151815704520027,4855,"Dismal Swamp Surface 506.PC",36.45447445,-76.48585693,0.156656414251147
12.5,15.3026728664028,1.66826127290201,8.30065625320102,4.15471871736504,21.9639059873992,2.64702749364565,1180.46811806253,128.857744495607,0.100482246003375,4846,"Dismal Swamp Surface 516PC",36.49594501,-76.50088551,0.100482246003375,4856,"Dismal Swamp Surface 587PC",36.62209533,-76.46505958,0.10140530070299,4851,"Dismal Swamp Surface 536PC",36.50699956,-76.45263358,0.103674943398802,4852,"Dismal Swamp Surface 520PC",36.53505279,-76.51870888,0.10614661169453,4855,"Dismal Swamp Surface 506.PC",36.45447445,-76.48585693,0.111574511054248,4857,"Dismal Swamp Surface 599PC",36.54938894,-76.53757461,0.119696692527246,121,"Rockyhock Bay1",36.167,-76.683,0.130112326674985
13.5,15.2811354562245,1.67040057076944,8.27896225956212,4.16734421031168,22.1198425942145,2.53951524248423,1199.8843144431,130.294209061954,0.190025283854864,4843,"Dismal Swamp Surface 513PC",36.4895015,-76.4677117,0.190025283854864,4860,"Dismal Swamp Surface 80.PC",36.61901129,-76.51991051,0.194115841072645,4864,"Dismal Swamp Surface 510N",36.4584142,-76.48189497,0.195997318173514,4912,"Roanoke Surface Treetag 346",35.9352,-77.13089,0.244254449845277,4944,"Roanoke Surface Treetag 62",35.82842,-76.89664,0.254176847644994,4873,"Roanoke Surface Treetag 462",36.32607,-77.44519,0.264977123432842,4850,"Dismal Swamp Surface 564PC",36.71309807,-76.43328287,0.265500650876579
14.5,15.284857905364,1.66817669928467,9.90129809223883,3.28233912774325,20.7894941377564,1.73458648026711,1177.90046364192,128.795277508352,0.118480594805876,4851,"Dismal Swamp Surface 536PC",36.50699956,-76.45263358,0.118480594805876,4846,"Dismal Swamp Surface 516PC",36.49594501,-76.50088551,0.118851654622992,4856,"Dismal Swamp Surface 587PC",36.62209533,-76.46505958,0.119618028215127,4855,"Dismal Swamp Surface 506.PC",36.45447445,-76.48585693,0.123657450489193,4857,"Dismal Swamp Surface 599PC",36.54938894,-76.53757461,0.127053514345401,4863,"Dismal Swamp Surface 81.PC",36.59756142,-76.52742539,0.130506602084218,4850,"Dismal Swamp Surface 564PC",36.71309807,-76.43328287,0.133750182064659
15.5,15.2909555463633,1.66828647445583,9.88377182959442,3.28229499997487,20.7412346629267,1.66229950191129,1179.57203909464,128.813228528535,0.135544519815955,4843,"Dismal Swamp Surface 513PC",36.4895015,-76.4677117,0.135544519815955,4855,"Dismal Swamp Surface 506.PC",36.45447445,-76.48585693,0.148731572264133,4859,"Dismal Swamp Surface 82.PC",36.60138189,-76.52574322,0.149469372179116,4863,"Dismal Swamp Surface 81.PC",36.59756142,-76.52742539,0.153476238801608,4864,"Dismal Swamp Surface 510N",36.4584142,-76.48189497,0.154782878224469,4846,"Dismal Swamp Surface 516PC",36.49594501,-76.50088551,0.165101725875136,4850,"Dismal Swamp Surface 564PC",36.71309807,-76.43328287,0.168276771486456
16.5,15.3059820709529,1.66849066887558,3.18764943361534,5.79203628170286,25.532152317248,3.55018176206735,1179.87910086183,129.148883054187,0.0992252685626123,42,"Dismal Swamp [1]",36.583,-76.45,0.0992252685626123,4853,"Dismal Swamp Surface 84.PC",36.69073432,-76.50510304,0.101828281999913,4867,"Dismal Swamp Surface 507PC",36.44476963,-76.49290125,0.113388007849095,4856,"Dismal Swamp Surface 587PC",36.62209533,-76.46505958,0.124888820823732,121,"Rockyhock Bay1",36.167,-76.683,0.136247211423685,4858,"Dismal Swamp Surface 100.PC",36.61685555,-76.49556669,0.144220154715128,4845,"Dismal Swamp Surface 99.PC",36.58785341,-76.4861591,0.14531074269697
17.5,15.2907086214292,1.66843729769708,3.35156674442243,5.71898270333187,25.1051748573545,3.30588029186972,1178.6272260678,129.0708227885,0.0738938271716061,4856,"Dismal Swamp Surface 587PC",36.62209533,-76.46505958,0.0738938271716061,121,"Rockyhock Bay1",36.167,-76.683,0.0997284310727945,4853,"Dismal Swamp Surface 84.PC",36.69073432,-76.50510304,0.100761813774557,4857,"Dismal Swamp Surface 599PC",36.54938894,-76.53757461,0.102653401727833,42,"Dismal Swamp [1]",36.583,-76.45,0.115125512845041,4858,"Dismal Swamp Surface 100.PC",36.61685555,-76.49556669,0.11692980975302,4845,"Dismal Swamp Surface 99.PC",36.58785341,-76.4861591,0.118760267294215
18.5,15.3295372541076,1.66913147425313,6.01556834418324,5.29375606293774,23.9685199102901,3.35424452184214,1181.14168119181,129.249855383623,0.078024404419686,4867,"Dismal Swamp Surface 507PC",36.44476963,-76.49290125,0.078024404419686,42,"Dismal Swamp [1]",36.583,-76.45,0.102316010976038,4856,"Dismal Swamp Surface 587PC",36.62209533,-76.46505958,0.113319573484483,4858,"Dismal Swamp Surface 100.PC",36.61685555,-76.49556669,0.117844048988368,4853,"Dismal Swamp Surface 84.PC",36.69073432,-76.50510304,0.1387354694771,4953,"Roanoke Surface Treetag 283",35.88246,-76.80487,0.152951407556156,4857,"Dismal Swamp Surface 599PC",36.54938894,-76.53757461,0.167439927236561
19.5,15.3008145938027,1.66843078505588,3.15795491411072,5.765118302172,25.5304903741022,3.52398844641104,1178.21520771287,129.103307848335,0.111702252826307,4853,"Dismal Swamp Surface 84.PC",36.69073432,-76.50510304,0.111702252826307,42,"Dismal Swamp [1]",36.583,-76.45,0.119591268579345,4856,"Dismal Swamp Surface 587PC",36.62209533,-76.46505958,0.136349242243897,4867,"Dismal Swamp Surface 507PC",36.44476963,-76.49290125,0.138014503058471,121,"Rockyhock Bay1",36.167,-76.683,0.153871536952443,4858,"Dismal Swamp Surface 100.PC",36.61685555,-76.49556669,0.159892264786329,4845,"Dismal Swamp Surface 99.PC",36.58785341,-76.4861591,0.170129490648458
20.5,15.2731627792399,1.66822460074139,7.12224082322767,4.55956809998324,22.9141791583022,2.82663890505394,1172.47802881835,128.858000023525,0.0647377354796462,4856,"Dismal Swamp Surface 587PC",36.62209533,-76.46505958,0.0647377354796462,4858,"Dismal Swamp Surface 100.PC",36.61685555,-76.49556669,0.103079515458968,4855,"Dismal Swamp Surface 506.PC",36.45447445,-76.48585693,0.106058639486995,4857,"Dismal Swamp Surface 599PC",36.54938894,-76.53757461,0.106905552902982,42,"Dismal Swamp [1]",36.583,-76.45,0.114475853612065,4853,"Dismal Swamp Surface 84.PC",36.69073432,-76.50510304,0.114732362544611,4846,"Dismal Swamp Surface 516PC",36.49594501,-76.50088551,0.117435389118728
25.5,15.3468422816799,1.66923011264516,5.47056468452142,5.37367415174528,24.3873247517955,3.52717887144208,1184.80114577865,129.357274997747,0.0912185116556887,4867,"Dismal Swamp Surface 507PC",36.44476963,-76.49290125,0.0912185116556887,42,"Dismal Swamp [1]",36.583,-76.45,0.115812507232309,4856,"Dismal Swamp Surface 587PC",36.62209533,-76.46505958,0.175401461011669,4853,"Dismal Swamp Surface 84.PC",36.69073432,-76.50510304,0.184262360140232,4953,"Roanoke Surface Treetag 283",35.88246,-76.80487,0.187968089065841,4858,"Dismal Swamp Surface 100.PC",36.61685555,-76.49556669,0.195581705919162,4851,"Dismal Swamp Surface 536PC",36.50699956,-76.45263358,0.207804340121995
30.5,15.3229696058096,1.66917728412962,5.48161777712569,5.31628808670106,24.2077243004937,3.41326114134341,1180.42462549145,129.180942175321,0.0667934392100318,4867,"Dismal Swamp Surface 507PC",36.44476963,-76.49290125,0.0667934392100318,42,"Dismal Swamp [1]",36.583,-76.45,0.117972948730953,4856,"Dismal Swamp Surface 587PC",36.62209533,-76.46505958,0.13207330561527,4853,"Dismal Swamp Surface 84.PC",36.69073432,-76.50510304,0.147480267426098,4858,"Dismal Swamp Surface 100.PC",36.61685555,-76.49556669,0.171757040685809,4953,"Roanoke Surface Treetag 283",35.88246,-76.80487,0.198422248675505,4857,"Dismal Swamp Surface 599PC",36.54938894,-76.53757461,0.205674014298191
35.5,15.3334163681399,1.66938350313621,6.31629247206031,5.29012446479674,23.5772565453203,3.34012658451293,1183.30514820036,129.238905919336,0.0575551505096374,4867,"Dismal Swamp Surface 507PC",36.44476963,-76.49290125,0.0575551505096374,42,"Dismal Swamp [1]",36.583,-76.45,0.112946212545203,4953,"Roanoke Surface Treetag 283",35.88246,-76.80487,0.178109941384417,4856,"Dismal Swamp Surface 587PC",36.62209533,-76.46505958,0.180299592061987,4853,"Dismal Swamp Surface 84.PC",36.69073432,-76.50510304,0.183380585384098,4858,"Dismal Swamp Surface 100.PC",36.61685555,-76.49556669,0.203791446500085,4862,"Dismal Swamp Surface 592N",36.65900823,-76.47132237,0.215050199627739
41.5,15.3478993435434,1.66913065929606,9.65968933429697,3.37820048159723,21.2657396740081,2.00463312080376,1194.23379996885,129.246755629423,0.0805855042979728,4846,"Dismal Swamp Surface 516PC",36.49594501,-76.50088551,0.0805855042979728,4951,"Roanoke Surface Treetag 291",35.869,-76.83317,0.0826085563862193,4859,"Dismal Swamp Surface 82.PC",36.60138189,-76.52574322,0.0858600517736243,4857,"Dismal Swamp Surface 599PC",36.54938894,-76.53757461,0.0900122554553412,4847,"Dismal Swamp Surface 86.PC",36.64485522,-76.52613181,0.0939924478240541,4855,"Dismal Swamp Surface 506.PC",36.45447445,-76.48585693,0.0997058882887584,4842,"Dismal Swamp Surface 85.PC",36.63694513,-76.53926239,0.100964056208849
45.5,15.3114340915267,1.66835765161097,7.60018529595958,4.39664856849656,22.3038160794548,2.68648776562474,1184.14513161763,128.944255536059,0.087847232550058,4857,"Dismal Swamp Surface 599PC",36.54938894,-76.53757461,0.087847232550058,4855,"Dismal Swamp Surface 506.PC",36.45447445,-76.48585693,0.0912973934494552,4851,"Dismal Swamp Surface 536PC",36.50699956,-76.45263358,0.0932384579417923,4859,"Dismal Swamp Surface 82.PC",36.60138189,-76.52574322,0.0975114848811512,4846,"Dismal Swamp Surface 516PC",36.49594501,-76.50088551,0.103661349830528,121,"Rockyhock Bay1",36.167,-76.683,0.107648325257481,4845,"Dismal Swamp Surface 99.PC",36.58785341,-76.4861591,0.114991883548357
50.5,15.3651283529363,1.6689799290035,5.60963070039245,5.44466077703268,24.3764757563279,3.44639536604509,1188.40547759921,129.310688342332,0.0904934538400485,42,"Dismal Swamp [1]",36.583,-76.45,0.0904934538400485,4851,"Dismal Swamp Surface 536PC",36.50699956,-76.45263358,0.101072341678583,4953,"Roanoke Surface Treetag 283",35.88246,-76.80487,0.103657448471072,4857,"Dismal Swamp Surface 599PC",36.54938894,-76.53757461,0.113839628705917,4856,"Dismal Swamp Surface 587PC",36.62209533,-76.46505958,0.118827566355144,4846,"Dismal Swamp Surface 516PC",36.49594501,-76.50088551,0.129734576429697,4858,"Dismal Swamp Surface 100.PC",36.61685555,-76.49556669,0.131722874493691
55.5,15.3058893070127,1.66920588766952,9.47610533095759,3.50702884160106,21.0511615356894,1.86628354812644,1188.91184356212,129.380324686829,0.0932496235616071,4859,"Dismal Swamp Surface 82.PC",36.60138189,-76.52574322,0.0932496235616071,4844,"Dismal Swamp Surface 562PC",36.73581781,-76.43596558,0.113165988656158,4860,"Dismal Swamp Surface 80.PC",36.61901129,-76.51991051,0.115830651388653,4863,"Dismal Swamp Surface 81.PC",36.59756142,-76.52742539,0.119424324837367,4944,"Roanoke Surface Treetag 62",35.82842,-76.89664,0.122709561781218,4855,"Dismal Swamp Surface 506.PC",36.45447445,-76.48585693,0.125239332779072,4864,"Dismal Swamp Surface 510N",36.4584142,-76.48189497,0.125809979729632
60.5,15.3506169270387,1.66900842299052,5.20343728532176,5.38798350062545,24.5718240414617,3.40164142890723,1188.21918206949,129.555269078103,0.10904068693452,4857,"Dismal Swamp Surface 599PC",36.54938894,-76.53757461,0.10904068693452,42,"Dismal Swamp [1]",36.583,-76.45,0.112417296133959,4846,"Dismal Swamp Surface 516PC",36.49594501,-76.50088551,0.121755651223103,4847,"Dismal Swamp Surface 86.PC",36.64485522,-76.52613181,0.128145250097005,4948,"Roanoke Surface Treetag 353",35.87174,-76.89866,0.128574058003086,4845,"Dismal Swamp Surface 99.PC",36.58785341,-76.4861591,0.129390719506345,4951,"Roanoke Surface Treetag 291",35.869,-76.83317,0.130694316735288
65.5,15.3252968635549,1.66886291763558,3.08276839649912,5.90020207837857,25.6659824106362,3.52092475796243,1183.71434215474,129.459347932641,0.138545872228571,42,"Dismal Swamp [1]",36.583,-76.45,0.138545872228571,4845,"Dismal Swamp Surface 99.PC",36.58785341,-76.4861591,0.153511332743252,4867,"Dismal Swamp Surface 507PC",36.44476963,-76.49290125,0.156338431479927,4853,"Dismal Swamp Surface 84.PC",36.69073432,-76.50510304,0.16035679584431,121,"Rockyhock Bay1",36.167,-76.683,0.19869694031858,4849,"Dismal Swamp Surface 600N",36.5882948,-76.49696119,0.211663852707751,4858,"Dismal Swamp Surface 100.PC",36.61685555,-76.49556669,0.217968566731856
70.5,15.3882479884919,1.67059484882835,2.89558204078268,5.87891811103205,26.0654252231281,3.43047927427531,1192.89009833752,129.664940567824,0.132838025618567,4867,"Dismal Swamp Surface 507PC",36.44476963,-76.49290125,0.132838025618567,42,"Dismal Swamp [1]",36.583,-76.45,0.142391241956446,4845,"Dismal Swamp Surface 99.PC",36.58785341,-76.4861591,0.196176790608283,4853,"Dismal Swamp Surface 84.PC",36.69073432,-76.50510304,0.202889432454544,121,"Rockyhock Bay1",36.167,-76.683,0.240252259318967,4953,"Roanoke Surface Treetag 283",35.88246,-76.80487,0.253534308763432,4948,"Roanoke Surface Treetag 353",35.87174,-76.89866,0.253833262767249
75.5,15.323599661635,1.66924098066622,4.85559008197413,5.51551205329168,24.6129746364294,3.48439937256664,1179.92826981116,129.35725503114,0.0715748807524706,4867,"Dismal Swamp Surface 507PC",36.44476963,-76.49290125,0.0715748807524706,42,"Dismal Swamp [1]",36.583,-76.45,0.11012039451371,4853,"Dismal Swamp Surface 84.PC",36.69073432,-76.50510304,0.152887489012572,4856,"Dismal Swamp Surface 587PC",36.62209533,-76.46505958,0.192177032474739,4858,"Dismal Swamp Surface 100.PC",36.61685555,-76.49556669,0.195762132248796,4845,"Dismal Swamp Surface 99.PC",36.58785341,-76.4861591,0.197176494620149,4953,"Roanoke Surface Treetag 283",35.88246,-76.80487,0.207232282887093
80.5,15.3253178827621,1.66958415747526,3.11494793358521,5.91689072985554,25.5266805367518,3.49005468784399,1181.347519346,129.220131096712,0.0898236773153624,4867,"Dismal Swamp Surface 507PC",36.44476963,-76.49290125,0.0898236773153624,42,"Dismal Swamp [1]",36.583,-76.45,0.154090359937027,4853,"Dismal Swamp Surface 84.PC",36.69073432,-76.50510304,0.166279222842929,4845,"Dismal Swamp Surface 99.PC",36.58785341,-76.4861591,0.215493672549924,121,"Rockyhock Bay1",36.167,-76.683,0.254871983430954,4858,"Dismal Swamp Surface 100.PC",36.61685555,-76.49556669,0.256048008372649,4856,"Dismal Swamp Surface 587PC",36.62209533,-76.46505958,0.264920580126855
85.5,15.3850151487055,1.67338888524802,3.4746941877369,5.62185431920555,25.6510804181206,3.89088360924407,1186.46698348116,129.68098118238,0.157834935180123,4867,"Dismal Swamp Surface 507PC",36.44476963,-76.49290125,0.157834935180123,42,"Dismal Swamp [1]",36.583,-76.45,0.173074202191809,4845,"Dismal Swamp Surface 99.PC",36.58785341,-76.4861591,0.255062896229207,4853,"Dismal Swamp Surface 84.PC",36.69073432,-76.50510304,0.268502997564238,4858,"Dismal Swamp Surface 100.PC",36.61685555,-76.49556669,0.28637403663085,4927,"Roanoke Surface Treetag 500",35.88177,-77.01417,0.297469682972469,121,"Rockyhock Bay1",36.167,-76.683,0.297951562712913
90.5,15.4429531321794,1.67961434848487,1.01556716634565,5.43309742286419,27.7246380112424,4.23671406554839,1188.02089080851,129.683817603555,0.162386944608379,42,"Dismal Swamp [1]",36.583,-76.45,0.162386944608379,4867,"Dismal Swamp Surface 507PC",36.44476963,-76.49290125,0.16328227282804,4845,"Dismal Swamp Surface 99.PC",36.58785341,-76.4861591,0.184001506644895,4853,"Dismal Swamp Surface 84.PC",36.69073432,-76.50510304,0.190229350825912,121,"Rockyhock Bay1",36.167,-76.683,0.22232335510834,4849,"Dismal Swamp Surface 600N",36.5882948,-76.49696119,0.245059551255066,1787,"White Lake",34.65,-78.5,0.266461260428236
95.5,15.7246011426061,1.69178864928998,-3.90494945798965,5.89732521292159,31.8517555827425,4.5517265201023,1204.78056489389,129.962035362739,0.127228204581801,4845,"Dismal Swamp Surface 99.PC",36.58785341,-76.4861591,0.127228204581801,121,"Rockyhock Bay1",36.167,-76.683,0.15143631706279,42,"Dismal Swamp [1]",36.583,-76.45,0.153926469989806,4842,"Dismal Swamp Surface 85.PC",36.63694513,-76.53926239,0.163410063211565,1787,"White Lake",34.65,-78.5,0.181344719650727,1790,"Singletary Lake [Site 2]",34.59,-78.47,0.188963955404908,1788,"Salters Lake",34.72,-78.63,0.193557718465202
100.5,15.5795643783488,1.67910504388666,-1.06174394202336,5.77633894143871,29.4708726974835,4.45919376287836,1197.99759831799,129.835185670014,0.150065594724879,42,"Dismal Swamp [1]",36.583,-76.45,0.150065594724879,4867,"Dismal Swamp Surface 507PC",36.44476963,-76.49290125,0.162548425801499,4845,"Dismal Swamp Surface 99.PC",36.58785341,-76.4861591,0.205509220069404,1787,"White Lake",34.65,-78.5,0.227600935680057,121,"Rockyhock Bay1",36.167,-76.683,0.229571385637607,4927,"Roanoke Surface Treetag 500",35.88177,-77.01417,0.235277419611518,4842,"Dismal Swamp Surface 85.PC",36.63694513,-76.53926239,0.236376666355847
105.5,15.3703824862131,1.72336222258115,-18.3034069341669,4.28223058880665,40.617992135917,2.11800432322637,1299.311027094,133.080619562012,0.184082180180524,1141,"Site 43 [Delcourt, PA et al 1983]",35.94,-76.53,0.184082180180524,1106,"Site 6 [Delcourt, PA et al 1983]",34.53,-82.82,0.238546257339192,1107,"Site 7 [Delcourt, PA et al 1983]",34.39,-83.23,0.238936907013941,1830,"Site 2 [Delcourt 1978]",35.9,-87.78,0.258363562739623,1139,"Site 41 [Delcourt, PA et al 1983]",35.77,-79.15,0.263793292120961,1831,"Site 3 [Delcourt 1978]",35.95,-87.55,0.277956705334528,770,"Central City",37.32,-87.22,0.27833699561269
110.5,16.0837051225154,1.69346093359428,-10.4159763386212,4.75044745179969,37.1733058114552,3.35508003653623,1239.58208670527,130.045804190877,0.243834036398457,1141,"Site 43 [Delcourt, PA et al 1983]",35.94,-76.53,0.243834036398457,4845,"Dismal Swamp Surface 99.PC",36.58785341,-76.4861591,0.292359862800027,1790,"Singletary Lake [Site 2]",34.59,-78.47,0.292387144152426,3077,"SINGTOTL",34.6,-78.467,0.306923695079263,1139,"Site 41 [Delcourt, PA et al 1983]",35.77,-79.15,0.311048786174569,1789,"Singletary Lake [Site 1]",34.6,-78.47,0.312805856976545,1791,"Singletary Lake [Site 2]",34.59,-78.47,0.320298718491963
115.5,16.0159749744917,1.69620472133661,-10.121248014838,4.45405160334583,37.1001633007896,3.38468870812853,1245.11121264246,130.385182288361,0.176776293236238,1141,"Site 43 [Delcourt, PA et al 1983]",35.94,-76.53,0.176776293236238,1790,"Singletary Lake [Site 2]",34.59,-78.47,0.205084028644892,1139,"Site 41 [Delcourt, PA et al 1983]",35.77,-79.15,0.211912276390529,4878,"Roanoke Surface Treetag 472",36.10858,-77.24283,0.217050428350601,3077,"SINGTOTL",34.6,-78.467,0.225598969488858,1787,"White Lake",34.65,-78.5,0.231499833025508,1789,"Singletary Lake [Site 1]",34.6,-78.47,0.232117054510402
120.5,15.5907095546061,1.68434367386391,-9.17545287743342,5.75939939842015,34.9604388004474,3.92591861014799,1240.28324888165,132.476291442599,0.256794158372586,1141,"Site 43 [Delcourt, PA et al 1983]",35.94,-76.53,0.256794158372586,4878,"Roanoke Surface Treetag 472",36.10858,-77.24283,0.28188206992642,149,"White Pond1",34.167,-80.775,0.285490118676892,4876,"Roanoke Surface Treetag 470",36.11152,-77.24335,0.287975396399374,1107,"Site 7 [Delcourt, PA et al 1983]",34.39,-83.23,0.298831696666534,1106,"Site 6 [Delcourt, PA et al 1983]",34.53,-82.82,0.306068991977874,1139,"Site 41 [Delcourt, PA et al 1983]",35.77,-79.15,0.308811207051754
125.5,15.4571925664233,1.70133706646188,-9.27866845636814,5.58060138972361,34.5340606037645,4.01399767022962,1262.36208785638,133.796636666595,0.186174509512675,1141,"Site 43 [Delcourt, PA et al 1983]",35.94,-76.53,0.186174509512675,1139,"Site 41 [Delcourt, PA et al 1983]",35.77,-79.15,0.237189660262359,4876,"Roanoke Surface Treetag 470",36.11152,-77.24335,0.258644422503978,4878,"Roanoke Surface Treetag 472",36.10858,-77.24283,0.260518814075061,1107,"Site 7 [Delcourt, PA et al 1983]",34.39,-83.23,0.260986256288507,1830,"Site 2 [Delcourt 1978]",35.9,-87.78,0.261119120910321,1106,"Site 6 [Delcourt, PA et al 1983]",34.53,-82.82,0.263522571924177
130.5,16.0760304616607,1.69847548893298,-14.1641760451095,3.91822940476409,39.8401293982077,2.61184982833069,1272.67750451823,132.002922916909,0.243588118715815,1141,"Site 43 [Delcourt, PA et al 1983]",35.94,-76.53,0.243588118715815,1790,"Singletary Lake [Site 2]",34.59,-78.47,0.278573642571583,1139,"Site 41 [Delcourt, PA et al 1983]",35.77,-79.15,0.285444623167791,1789,"Singletary Lake [Site 1]",34.6,-78.47,0.285664885288524,3077,"SINGTOTL",34.6,-78.467,0.285916493211221,1107,"Site 7 [Delcourt, PA et al 1983]",34.39,-83.23,0.288799407676384,1106,"Site 6 [Delcourt, PA et al 1983]",34.53,-82.82,0.29221152636681
135.5,15.6683706807755,1.70216077927432,-14.1885525945231,4.65393852454135,38.6870826783787,3.24204511005693,1284.89020710689,134.960916217389,0.162296595254874,1141,"Site 43 [Delcourt, PA et al 1983]",35.94,-76.53,0.162296595254874,1139,"Site 41 [Delcourt, PA et al 1983]",35.77,-79.15,0.186311155488469,1107,"Site 7 [Delcourt, PA et al 1983]",34.39,-83.23,0.23385789898499,1790,"Singletary Lake [Site 2]",34.59,-78.47,0.242079671607249,1106,"Site 6 [Delcourt, PA et al 1983]",34.53,-82.82,0.244046017000201,4888,"Roanoke Surface Treetag 960",36.04895,-77.26555,0.244696389214745,1830,"Site 2 [Delcourt 1978]",35.9,-87.78,0.252302019244034
140.5,15.4409003682412,1.67824279349117,-5.0637831680499,6.02148873892657,32.309615962179,4.32793935273562,1239.4765851472,132.047483211931,0.140378103965654,1141,"Site 43 [Delcourt, PA et al 1983]",35.94,-76.53,0.140378103965654,1139,"Site 41 [Delcourt, PA et al 1983]",35.77,-79.15,0.168863061028679,4878,"Roanoke Surface Treetag 472",36.10858,-77.24283,0.178222759513965,1107,"Site 7 [Delcourt, PA et al 1983]",34.39,-83.23,0.18396980444461,4888,"Roanoke Surface Treetag 960",36.04895,-77.26555,0.196601078129483,4876,"Roanoke Surface Treetag 470",36.11152,-77.24335,0.207401161175136,1108,"Site 8 [Delcourt, PA et al 1983]",33.9,-84.22,0.213151805592863
145.5,15.0146226392202,1.70825558625975,-18.5988266352067,5.83201252248823,39.7366323775102,2.78816638727193,1321.85226835615,140.467855929349,0.15386630786448,1830,"Site 2 [Delcourt 1978]",35.9,-87.78,0.15386630786448,1831,"Site 3 [Delcourt 1978]",35.95,-87.55,0.169540134826335,1107,"Site 7 [Delcourt, PA et al 1983]",34.39,-83.23,0.17410002772644,1139,"Site 41 [Delcourt, PA et al 1983]",35.77,-79.15,0.181393384399918,3195,"SESSMPT",35.15,-86.2,0.185759196200978,1141,"Site 43 [Delcourt, PA et al 1983]",35.94,-76.53,0.211295688725128,1106,"Site 6 [Delcourt, PA et al 1983]",34.53,-82.82,0.222205137130098
150.5,15.5394286461025,1.68076834826679,-6.76391655169816,5.81348027618651,33.7594939220231,4.28260934255225,1240.89570829662,132.795160395878,0.136297780991981,1107,"Site 7 [Delcourt, PA et al 1983]",34.39,-83.23,0.136297780991981,1141,"Site 43 [Delcourt, PA et al 1983]",35.94,-76.53,0.14882027691967,4876,"Roanoke Surface Treetag 470",36.11152,-77.24335,0.159438402149106,1106,"Site 6 [Delcourt, PA et al 1983]",34.53,-82.82,0.178080405502164,1139,"Site 41 [Delcourt, PA et al 1983]",35.77,-79.15,0.19586789062722,4842,"Dismal Swamp Surface 85.PC",36.63694513,-76.53926239,0.199161207626122,4956,"Roanoke Surface Treetag 967",35.97061,-77.1939,0.200988216831062
155.5,15.399009910207,1.67288897918815,4.53068836644033,5.28757755091782,25.0710870037649,3.58250756248658,1228.93667457177,132.375828550916,0.204237012746534,1107,"Site 7 [Delcourt, PA et al 1983]",34.39,-83.23,0.204237012746534,4915,"Roanoke Surface Treetag 268",35.93674,-77.11642,0.210714470880655,4876,"Roanoke Surface Treetag 470",36.11152,-77.24335,0.210901477153109,4842,"Dismal Swamp Surface 85.PC",36.63694513,-76.53926239,0.213805437905746,4949,"Roanoke Surface Treetag 355",35.87267,-76.89862,0.222605474407752,4844,"Dismal Swamp Surface 562PC",36.73581781,-76.43596558,0.226162825216592,4956,"Roanoke Surface Treetag 967",35.97061,-77.1939,0.228861482921462
160.5,15.2787364367677,1.68830870995638,-10.0380564520902,6.72820341903903,35.0696927368398,4.38021224638788,1268.87790578653,134.290747575628,0.182468380675395,1141,"Site 43 [Delcourt, PA et al 1983]",35.94,-76.53,0.182468380675395,1139,"Site 41 [Delcourt, PA et al 1983]",35.77,-79.15,0.197072986823449,1107,"Site 7 [Delcourt, PA et al 1983]",34.39,-83.23,0.202244064748294,4888,"Roanoke Surface Treetag 960",36.04895,-77.26555,0.219781870155212,1108,"Site 8 [Delcourt, PA et al 1983]",33.9,-84.22,0.221463588550696,1830,"Site 2 [Delcourt 1978]",35.9,-87.78,0.228775843664903,4876,"Roanoke Surface Treetag 470",36.11152,-77.24335,0.231405810285987
165.5,14.7006388427578,1.70931989624679,-18.5572803740605,5.29844865972007,38.9554078526941,3.00955534040082,1297.00259821919,143.469885231029,0.1399995965861,3195,"SESSMPT",35.15,-86.2,0.1399995965861,4888,"Roanoke Surface Treetag 960",36.04895,-77.26555,0.14669166345454,1830,"Site 2 [Delcourt 1978]",35.9,-87.78,0.158142904022209,1831,"Site 3 [Delcourt 1978]",35.95,-87.55,0.167746149940196,1108,"Site 8 [Delcourt, PA et al 1983]",33.9,-84.22,0.194488127190473,762,"Bagnell Dom ",38.22,-92.63,0.197123548282365,1107,"Site 7 [Delcourt, PA et al 1983]",34.39,-83.23,0.201358499585311
170.5,15.1255748324794,1.70935162489252,-16.6557949063896,5.30117374997464,39.5908700105393,2.73776449343013,1305.94047436855,136.359547130886,0.159756311867969,1141,"Site 43 [Delcourt, PA et al 1983]",35.94,-76.53,0.159756311867969,1108,"Site 8 [Delcourt, PA et al 1983]",33.9,-84.22,0.165312619886621,1139,"Site 41 [Delcourt, PA et al 1983]",35.77,-79.15,0.176199727772169,1107,"Site 7 [Delcourt, PA et al 1983]",34.39,-83.23,0.179352700715487,1830,"Site 2 [Delcourt 1978]",35.9,-87.78,0.184499541033465,1831,"Site 3 [Delcourt 1978]",35.95,-87.55,0.184519116581092,3195,"SESSMPT",35.15,-86.2,0.192632109857124
175.5,15.4561664465703,1.68273489607266,-11.8213322642386,5.53184406815914,36.6858944426719,3.90146468832654,1281.33367006931,136.372444208334,0.157154957739782,1108,"Site 8 [Delcourt, PA et al 1983]",33.9,-84.22,0.157154957739782,1139,"Site 41 [Delcourt, PA et al 1983]",35.77,-79.15,0.170415394450615,1141,"Site 43 [Delcourt, PA et al 1983]",35.94,-76.53,0.173081324504512,1107,"Site 7 [Delcourt, PA et al 1983]",34.39,-83.23,0.18211230502653,4888,"Roanoke Surface Treetag 960",36.04895,-77.26555,0.184123696803263,3195,"SESSMPT",35.15,-86.2,0.19967534000818,1106,"Site 6 [Delcourt, PA et al 1983]",34.53,-82.82,0.206316821658228
180.5,15.1512851670445,1.71214074077462,-17.1146587541883,5.02110651198594,39.6201593004112,2.56577195226385,1310.55073288914,139.461565194327,0.13680091393598,1108,"Site 8 [Delcourt, PA et al 1983]",33.9,-84.22,0.13680091393598,1141,"Site 43 [Delcourt, PA et al 1983]",35.94,-76.53,0.164104893109363,1107,"Site 7 [Delcourt, PA et al 1983]",34.39,-83.23,0.165400509981691,3195,"SESSMPT",35.15,-86.2,0.167092914178499,1830,"Site 2 [Delcourt 1978]",35.9,-87.78,0.182781311076055,1139,"Site 41 [Delcourt, PA et al 1983]",35.77,-79.15,0.183426240882804,4888,"Roanoke Surface Treetag 960",36.04895,-77.26555,0.184636503959479
185.5,15.1463031399104,1.70177127706881,-15.475889120709,5.74611721598063,38.3033715591127,3.24307829147231,1303.08513639322,135.747759622921,0.13708271158821,1107,"Site 7 [Delcourt, PA et al 1983]",34.39,-83.23,0.13708271158821,1830,"Site 2 [Delcourt 1978]",35.9,-87.78,0.14488200549301,1141,"Site 43 [Delcourt, PA et al 1983]",35.94,-76.53,0.159508208104691,4888,"Roanoke Surface Treetag 960",36.04895,-77.26555,0.174485982913216,1108,"Site 8 [Delcourt, PA et al 1983]",33.9,-84.22,0.177226472469847,1831,"Site 3 [Delcourt 1978]",35.95,-87.55,0.182355194754167,1139,"Site 41 [Delcourt, PA et al 1983]",35.77,-79.15,0.198330234529016
190.5,14.8361109279688,1.71417411321529,-18.3465779130926,6.15612846589284,39.7426913805517,3.09354112314626,1288.94859345142,142.54338259065,0.141908342859634,1830,"Site 2 [Delcourt 1978]",35.9,-87.78,0.141908342859634,1831,"Site 3 [Delcourt 1978]",35.95,-87.55,0.166734119936446,1107,"Site 7 [Delcourt, PA et al 1983]",34.39,-83.23,0.168512114841768,1108,"Site 8 [Delcourt, PA et al 1983]",33.9,-84.22,0.17170406898391,762,"Bagnell Dom ",38.22,-92.63,0.185312122767107,1139,"Site 41 [Delcourt, PA et al 1983]",35.77,-79.15,0.204374595433467,4888,"Roanoke Surface Treetag 960",36.04895,-77.26555,0.214005865232934
195.5,15.2306630768921,1.69408631532469,-13.4153236377163,6.1124947877017,37.0739902130479,3.43506289315814,1291.72026119223,135.109470040057,0.15654384364342,1107,"Site 7 [Delcourt, PA et al 1983]",34.39,-83.23,0.15654384364342,4888,"Roanoke Surface Treetag 960",36.04895,-77.26555,0.163525632301128,1830,"Site 2 [Delcourt 1978]",35.9,-87.78,0.188243084325956,1139,"Site 41 [Delcourt, PA et al 1983]",35.77,-79.15,0.196646841622504,1141,"Site 43 [Delcourt, PA et al 1983]",35.94,-76.53,0.205692541145482,1108,"Site 8 [Delcourt, PA et al 1983]",33.9,-84.22,0.209344799874108,1831,"Site 3 [Delcourt 1978]",35.95,-87.55,0.21634800749717
200.5,15.2853225964842,1.6886315891488,-9.69411508411659,6.14162199566417,34.7678916558502,4.0619140015447,1268.10341608606,135.517055452555,0.154073732014371,1141,"Site 43 [Delcourt, PA et al 1983]",35.94,-76.53,0.154073732014371,1139,"Site 41 [Delcourt, PA et al 1983]",35.77,-79.15,0.164338343922124,1107,"Site 7 [Delcourt, PA et al 1983]",34.39,-83.23,0.194204238943399,4888,"Roanoke Surface Treetag 960",36.04895,-77.26555,0.194847786533612,4876,"Roanoke Surface Treetag 470",36.11152,-77.24335,0.206731009297245,1830,"Site 2 [Delcourt 1978]",35.9,-87.78,0.209241395154448,1108,"Site 8 [Delcourt, PA et al 1983]",33.9,-84.22,0.216024442193424
205.5,15.3540552368951,1.68456612437513,-8.17733896322298,5.82630859312665,33.2882964467026,4.33051746398181,1277.91177354427,133.84855676279,0.173911221401592,1107,"Site 7 [Delcourt, PA et al 1983]",34.39,-83.23,0.173911221401592,1108,"Site 8 [Delcourt, PA et al 1983]",33.9,-84.22,0.177528862912943,4888,"Roanoke Surface Treetag 960",36.04895,-77.26555,0.183713272148025,1141,"Site 43 [Delcourt, PA et al 1983]",35.94,-76.53,0.201575618531347,4915,"Roanoke Surface Treetag 268",35.93674,-77.11642,0.217725298116894,1830,"Site 2 [Delcourt 1978]",35.9,-87.78,0.22131360831126,4876,"Roanoke Surface Treetag 470",36.11152,-77.24335,0.225190137721299
210.5,15.2200754494332,1.6959080893269,-12.3019473111711,5.97375211999899,35.5610122804486,3.78005241392039,1279.38290490756,134.347814134215,0.125188996086933,1108,"Site 8 [Delcourt, PA et al 1983]",33.9,-84.22,0.125188996086933,1107,"Site 7 [Delcourt, PA et al 1983]",34.39,-83.23,0.144543519489874,4888,"Roanoke Surface Treetag 960",36.04895,-77.26555,0.175544144425014,1830,"Site 2 [Delcourt 1978]",35.9,-87.78,0.177306943380394,1139,"Site 41 [Delcourt, PA et al 1983]",35.77,-79.15,0.177438455971656,1141,"Site 43 [Delcourt, PA et al 1983]",35.94,-76.53,0.179795042931351,4915,"Roanoke Surface Treetag 268",35.93674,-77.11642,0.198821564437019
215.5,15.5751731991813,1.68946875575974,-12.3548218732274,5.26888639509724,36.9987933015427,4.04897337056075,1271.523194689,132.765617016806,0.110435243305962,1108,"Site 8 [Delcourt, PA et al 1983]",33.9,-84.22,0.110435243305962,1107,"Site 7 [Delcourt, PA et al 1983]",34.39,-83.23,0.12024282479247,1106,"Site 6 [Delcourt, PA et al 1983]",34.53,-82.82,0.149066976885325,1141,"Site 43 [Delcourt, PA et al 1983]",35.94,-76.53,0.161653805212125,1139,"Site 41 [Delcourt, PA et al 1983]",35.77,-79.15,0.166995946358111,4915,"Roanoke Surface Treetag 268",35.93674,-77.11642,0.173389483855601,4888,"Roanoke Surface Treetag 960",36.04895,-77.26555,0.17965655160454
220.5,15.0572467350851,1.71357332377682,-15.456189683907,5.5545915850554,38.293126904183,3.49589645752188,1263.06264033725,139.113184415443,0.107649154210221,1108,"Site 8 [Delcourt, PA et al 1983]",33.9,-84.22,0.107649154210221,1107,"Site 7 [Delcourt, PA et al 1983]",34.39,-83.23,0.139325795852784,1830,"Site 2 [Delcourt 1978]",35.9,-87.78,0.147153222033502,4888,"Roanoke Surface Treetag 960",36.04895,-77.26555,0.171285938434804,1139,"Site 41 [Delcourt, PA et al 1983]",35.77,-79.15,0.186637224765031,762,"Bagnell Dom ",38.22,-92.63,0.19657500049122,1141,"Site 43 [Delcourt, PA et al 1983]",35.94,-76.53,0.20121883772788
225.5,15.1130250553773,1.71415571034748,-19.1930848012378,4.61919014796865,40.0655322099352,2.35644434794026,1324.80092634203,141.19819022155,0.125474130252879,1830,"Site 2 [Delcourt 1978]",35.9,-87.78,0.125474130252879,1106,"Site 6 [Delcourt, PA et al 1983]",34.53,-82.82,0.14434927751522,1107,"Site 7 [Delcourt, PA et al 1983]",34.39,-83.23,0.145686860520487,3195,"SESSMPT",35.15,-86.2,0.148226079232104,1108,"Site 8 [Delcourt, PA et al 1983]",33.9,-84.22,0.148762037456227,1831,"Site 3 [Delcourt 1978]",35.95,-87.55,0.152331532082886,4888,"Roanoke Surface Treetag 960",36.04895,-77.26555,0.156646418815976
230.5,13.4504761904762,1.93926682583412,-25.5171428571429,3.72162687491897,41.0907142857143,1.72754179647028,1253.23714285714,150.504634812123,0.157379562177311,1106,"Site 6 [Delcourt, PA et al 1983]",34.53,-82.82,0.157379562177311,3195,"SESSMPT",35.15,-86.2,0.182942342506227,771,"Madisonville",37.35,-87.47,0.195716007300194,1831,"Site 3 [Delcourt 1978]",35.95,-87.55,0.196792165733281,3787,"LKWINGR1",43.05,-89.417,0.216282900094395,1830,"Site 2 [Delcourt 1978]",35.9,-87.78,0.217992379703592,3082,"W. Plain Pond",36.75,-91.67,0.220497592759511
235.5,14.7675952380952,1.76794314444889,-22.9788571428571,3.73346577139898,41.0118571428571,1.70601305962266,1337.39714285714,139.114636565435,0.124393079909705,1106,"Site 6 [Delcourt, PA et al 1983]",34.53,-82.82,0.124393079909705,1107,"Site 7 [Delcourt, PA et al 1983]",34.39,-83.23,0.186316362016486,3195,"SESSMPT",35.15,-86.2,0.189702588837229,1830,"Site 2 [Delcourt 1978]",35.9,-87.78,0.192839967975268,1831,"Site 3 [Delcourt 1978]",35.95,-87.55,0.195493583267561,1108,"Site 8 [Delcourt, PA et al 1983]",33.9,-84.22,0.1965216352953,770,"Central City",37.32,-87.22,0.201695136141654
240.5,12.2853333333333,2.21891680846921,-27.0834285714286,4.24596627663237,41.5761428571429,1.76561567754904,1098.46,151.42815833465,0.0903939478703224,1106,"Site 6 [Delcourt, PA et al 1983]",34.53,-82.82,0.0903939478703224,3082,"W. Plain Pond",36.75,-91.67,0.167562912262908,1829,"Site 1 [Delcourt 1978]",35.48,-89.27,0.174417284413914,772,"Henderson",37.8,-87.53,0.175545988162378,2002,"Arena16",43.08,-89.92,0.189536542781026,448,"Mud Lake [Minnesota]",44.227,-93.831,0.193820497944529,769,"Russelville farm pond",36.78,-86.83,0.196878687370264
245.5,12.7006547619048,2.16622619005952,-26.0451428571429,4.25997518286211,41.4318571428571,1.74365517619049,1120.59857142857,155.452017989087,0.110094382280751,1106,"Site 6 [Delcourt, PA et al 1983]",34.53,-82.82,0.110094382280751,3082,"W. Plain Pond",36.75,-91.67,0.174396115289097,2002,"Arena16",43.08,-89.92,0.210912816656528,1107,"Site 7 [Delcourt, PA et al 1983]",34.39,-83.23,0.211128778220995,1829,"Site 1 [Delcourt 1978]",35.48,-89.27,0.213954567861066,772,"Henderson",37.8,-87.53,0.214670990048582,147,"Volo Bog",42.351,-88.184,0.233128835042483
250.5,13.7885476190476,1.98087104076055,-23.7794285714286,3.93066411265015,41.5174285714286,1.74070382997003,1204.71428571429,146.876838183131,0.0684566993143708,1106,"Site 6 [Delcourt, PA et al 1983]",34.53,-82.82,0.0684566993143708,1107,"Site 7 [Delcourt, PA et al 1983]",34.39,-83.23,0.132253336611773,3082,"W. Plain Pond",36.75,-91.67,0.148419788990394,1829,"Site 1 [Delcourt 1978]",35.48,-89.27,0.179424328518983,2002,"Arena16",43.08,-89.92,0.18658593981715,772,"Henderson",37.8,-87.53,0.191340897553816,507,"Tuskegee Pond",35.585,-84.211,0.192020881633901
251.5,12.1936666666667,2.28144256479062,-27.8235714285714,4.11187486980249,41.562,1.72375956581566,1092.68,151.776714735164,0.101290545111893,1106,"Site 6 [Delcourt, PA et al 1983]",34.53,-82.82,0.101290545111893,772,"Henderson",37.8,-87.53,0.151492996367487,448,"Mud Lake [Minnesota]",44.227,-93.831,0.162801963142016,769,"Russelville farm pond",36.78,-86.83,0.166057919016368,1829,"Site 1 [Delcourt 1978]",35.48,-89.27,0.169290006583387,3082,"W. Plain Pond",36.75,-91.67,0.170386046258276,147,"Volo Bog",42.351,-88.184,0.171803887501299
252.5,12.464380952381,2.09786018519594,-25.7114285714286,4.05266015331144,41.539,1.79250122627104,1130.94714285714,152.892737187467,0.115921202408273,1106,"Site 6 [Delcourt, PA et al 1983]",34.53,-82.82,0.115921202408273,3082,"W. Plain Pond",36.75,-91.67,0.162159786942943,2002,"Arena16",43.08,-89.92,0.187181275165644,772,"Henderson",37.8,-87.53,0.204837516949807,1107,"Site 7 [Delcourt, PA et al 1983]",34.39,-83.23,0.218045785678398,758,"Wappapello Lake",36.92,-90.3,0.227407384122477,769,"Russelville farm pond",36.78,-86.83,0.232662762888492
253.5,11.2797738095238,2.56359033108744,-29.3972857142857,4.43890665245128,41.4205714285714,1.72662982882475,1039.62857142857,165.359277855787,0.104642034964696,1106,"Site 6 [Delcourt, PA et al 1983]",34.53,-82.82,0.104642034964696,772,"Henderson",37.8,-87.53,0.1221660396437,769,"Russelville farm pond",36.78,-86.83,0.139095223598951,1101,"Site 1 [Delcourt, PA et al 1983]",36.9,-89.53,0.14204500059265,448,"Mud Lake [Minnesota]",44.227,-93.831,0.142255478933584,187,"Roberts Creek",42.986,-91.5,0.154173890361006,147,"Volo Bog",42.351,-88.184,0.173957393877002
254.5,14.5195338692835,2.00820321688599,-22.5215770450387,4.0841485758579,41.6010784294746,1.72529828708881,1220.08031030741,140.180173888078,0.210789991049364,149,"White Pond1",34.167,-80.775,0.210789991049364,1849,"White Pond2",34.167,-80.775,0.211981952684058,1101,"Site 1 [Delcourt, PA et al 1983]",36.9,-89.53,0.218073205290417,1106,"Site 6 [Delcourt, PA et al 1983]",34.53,-82.82,0.226339365530249,1103,"Site 3 [Delcourt, PA et al 1983]",36.02,-87.98,0.232274153251627,768,"Sloan's Pond",37.15,-86.1,0.273496387251376,3751,"64PMA",43.067,-89.617,0.292071169679725
255.5,15.61017537298,1.686018002346,-4.11871162576919,5.91495808764327,31.5487323459901,4.99502360564889,1236.08153875842,132.811600469937,0.237396891200513,1106,"Site 6 [Delcourt, PA et al 1983]",34.53,-82.82,0.237396891200513,1107,"Site 7 [Delcourt, PA et al 1983]",34.39,-83.23,0.248528432194581,1105,"Site 5 [Delcourt, PA et al 1983]",34.63,-81.92,0.275043636374629,4876,"Roanoke Surface Treetag 470",36.11152,-77.24335,0.31470372614454,4842,"Dismal Swamp Surface 85.PC",36.63694513,-76.53926239,0.338432544899599,4964,"Roanoke Surface Treetag 975",35.97495,-77.19852,0.352542313479586,4956,"Roanoke Surface Treetag 967",35.97061,-77.1939,0.356324272548371
256.5,13.9585569332989,2.16517138705566,-23.29315312551,4.27740298914299,41.295042005419,1.96950239413774,1181.47490632911,141.505165046361,0.258862089142246,149,"White Pond1",34.167,-80.775,0.258862089142246,1101,"Site 1 [Delcourt, PA et al 1983]",36.9,-89.53,0.270832035361539,1849,"White Pond2",34.167,-80.775,0.276420832055186,1103,"Site 3 [Delcourt, PA et al 1983]",36.02,-87.98,0.302855699236002,1106,"Site 6 [Delcourt, PA et al 1983]",34.53,-82.82,0.303423940033606,3751,"64PMA",43.067,-89.617,0.307827093573047,768,"Sloan's Pond",37.15,-86.1,0.322342735464744
257.5,15.138829673733,1.74954457516585,-16.771170247497,5.2854357161428,38.1127966325,3.40691229222928,1221.31454469224,136.622667053355,0.289455883018174,1106,"Site 6 [Delcourt, PA et al 1983]",34.53,-82.82,0.289455883018174,1105,"Site 5 [Delcourt, PA et al 1983]",34.63,-81.92,0.304252039644743,4876,"Roanoke Surface Treetag 470",36.11152,-77.24335,0.308509777650087,1101,"Site 1 [Delcourt, PA et al 1983]",36.9,-89.53,0.332787898038682,3064,"712",37.533,-78.267,0.337549520981867,1103,"Site 3 [Delcourt, PA et al 1983]",36.02,-87.98,0.345910706741519,1107,"Site 7 [Delcourt, PA et al 1983]",34.39,-83.23,0.349614936652605
258.5,14.3718015274714,2.01356857647278,-21.8566843806102,4.49254403992332,41.0861120144508,2.18475523098979,1192.4727927667,141.876833870527,0.308966586750068,1106,"Site 6 [Delcourt, PA et al 1983]",34.53,-82.82,0.308966586750068,1101,"Site 1 [Delcourt, PA et al 1983]",36.9,-89.53,0.325897831917467,1105,"Site 5 [Delcourt, PA et al 1983]",34.63,-81.92,0.332508619243597,1103,"Site 3 [Delcourt, PA et al 1983]",36.02,-87.98,0.334352302185544,149,"White Pond1",34.167,-80.775,0.337016037383651,3751,"64PMA",43.067,-89.617,0.349331194925717,1849,"White Pond2",34.167,-80.775,0.362054768419567
259.5,15.1716628243711,1.83828283630937,-18.7742194650608,4.80129746969563,40.3302642079455,2.73788507033543,1212.07232137205,137.044747298878,0.335372774752826,1106,"Site 6 [Delcourt, PA et al 1983]",34.53,-82.82,0.335372774752826,1105,"Site 5 [Delcourt, PA et al 1983]",34.63,-81.92,0.337863433282901,1103,"Site 3 [Delcourt, PA et al 1983]",36.02,-87.98,0.344239140249621,149,"White Pond1",34.167,-80.775,0.355948148983541,1849,"White Pond2",34.167,-80.775,0.362465387216146,3064,"712",37.533,-78.267,0.36781771598768,1101,"Site 1 [Delcourt, PA et al 1983]",36.9,-89.53,0.367934319457235
260.5,15.8972652944852,1.69944967526766,-6.42433615446934,5.16429159440193,33.5334265306111,4.26886891241474,1225.49137091156,131.255603717674,0.253587696500616,4964,"Roanoke Surface Treetag 975",35.97495,-77.19852,0.253587696500616,4876,"Roanoke Surface Treetag 470",36.11152,-77.24335,0.297507488718693,1105,"Site 5 [Delcourt, PA et al 1983]",34.63,-81.92,0.30129785700295,186,"Clear Pond [South Carolina]",33.799,-78.954,0.332455311966227,1133,"Site 34 [Delcourt, PA et al 1983]",33.46,-82.68,0.332646778310879,1134,"Site 35 [Delcourt, PA et al 1983]",33.55,-83.25,0.333586588423469,4946,"Roanoke Surface Treetag 339",36.3933,-77.5519,0.336805517021184
265.5,15.4527060427283,1.72534870984653,-12.39355895885,4.96929158430407,37.5339195915747,3.43401974444873,1212.89984331478,134.761528772617,0.239690816478374,1105,"Site 5 [Delcourt, PA et al 1983]",34.63,-81.92,0.239690816478374,1106,"Site 6 [Delcourt, PA et al 1983]",34.53,-82.82,0.302002111574984,1107,"Site 7 [Delcourt, PA et al 1983]",34.39,-83.23,0.310914941375472,3064,"712",37.533,-78.267,0.329233081019177,4876,"Roanoke Surface Treetag 470",36.11152,-77.24335,0.329799581129932,1140,"Site 42 [Delcourt, PA et al 1983]",35.91,-78.55,0.354406024428846,1133,"Site 34 [Delcourt, PA et al 1983]",33.46,-82.68,0.362068545682859
270.5,15.3818390603662,1.71505917221397,-8.96998616795815,6.04217573791339,35.0060704370716,4.34689252618656,1218.66372409573,134.886534536481,0.249676693487632,1105,"Site 5 [Delcourt, PA et al 1983]",34.63,-81.92,0.249676693487632,1106,"Site 6 [Delcourt, PA et al 1983]",34.53,-82.82,0.276340918403493,1107,"Site 7 [Delcourt, PA et al 1983]",34.39,-83.23,0.285945184752315,3064,"712",37.533,-78.267,0.286562486985654,4876,"Roanoke Surface Treetag 470",36.11152,-77.24335,0.297609446581699,4924,"Roanoke Surface Treetag 84",35.89133,-77.03613,0.320381671143892,1844,"Site 16 [Delcourt 1978]",35.23,-80.72,0.322901277340276
275.5,14.4950607211337,2.13462642207395,-20.9770205367343,3.9819601145679,40.6319131500825,1.98045171710715,1232.36124122964,148.284403374311,0.259878581695425,1106,"Site 6 [Delcourt, PA et al 1983]",34.53,-82.82,0.259878581695425,1107,"Site 7 [Delcourt, PA et al 1983]",34.39,-83.23,0.288325992517941,1105,"Site 5 [Delcourt, PA et al 1983]",34.63,-81.92,0.293645029576488,1830,"Site 2 [Delcourt 1978]",35.9,-87.78,0.339880975910678,1844,"Site 16 [Delcourt 1978]",35.23,-80.72,0.343589401426516,3064,"712",37.533,-78.267,0.348169709744603,1831,"Site 3 [Delcourt 1978]",35.95,-87.55,0.350033119626325
280.5,1.48228571428571,1.81990886419265,-45.952,3.50216229987119,37.2882857142857,1.83987127341801,632.452857142857,143.029750016448,0.228038736284438,3350,"ALTAKR50",55.23,-118.62,0.228038736284438,3521,"ONTSU26",44.82,-78.68,0.229266158882746,1553,"Site 9 [McAndrews unpublished]",50.07,-91.87,0.229598320571485,1062,"Stations 85-86 [Lichti-Federovich & Ritchie 1968]",51.83,-101.08,0.230016362812023,2814,"65LF-R84",49.683,-95.25,0.240477471806387,3419,"MANSU 3",50.47,-96.57,0.245608621216641,2845,"LR122",55.5,-98.667,0.246386807377102
285.5,4.29152380952381,1.78665228706048,-39.8438571428571,3.40955200228295,39.4245714285714,1.75026939026369,780.287142857143,131.065901940066,0.254821547514025,1512,"Site 9 [Heide unpublished]",48.05,-90.43,0.254821547514025,2861,"21A",46.033,-89.683,0.261338536231144,2862,"21B",46.017,-89.717,0.264382626500745,3252,"CEBOGMN",45.417,-93.2,0.272988814083861,2859,"18",45.433,-91.5,0.27562049305394,2805,"BADMEDIC",47.15,-95.367,0.277971195084413,3754,"68PMA",42.883,-89.25,0.278225182032741
290.5,1.7697380952381,1.74718052952374,-45.936,3.46977992483873,37.9268571428571,1.82023746214642,660.484285714286,138.87847131146,0.200294947749671,1553,"Site 9 [McAndrews unpublished]",50.07,-91.87,0.200294947749671,2814,"65LF-R84",49.683,-95.25,0.205033910322919,3350,"ALTAKR50",55.23,-118.62,0.207568959521264,2972,"ONTMCA8",49.65,-93.733,0.208688172729591,1556,"Site 12 [McAndrews unpublished]",49.55,-92.35,0.211675023210297,3521,"ONTSU26",44.82,-78.68,0.222800814403553,2830,"LR66",51.25,-95.083,0.226151104774514
295.5,2.12580952380952,1.75454573996775,-43.9311428571429,3.43816943888026,37.8424285714286,1.74204492196061,758.601428571429,141.045839299523,0.219262957043459,1554,"Site 10 [McAndrews unpublished]",50.02,-91.97,0.219262957043459,1556,"Site 12 [McAndrews unpublished]",49.55,-92.35,0.228439940146863,3521,"ONTSU26",44.82,-78.68,0.230213168724514,519,"Dunnigan Lake",47.708,-91.642,0.231613156260089,3419,"MANSU 3",50.47,-96.57,0.234600011244655,3520,"ONTSU117",49.18,-81.25,0.236574234007928,3540,"ONTSU72",47.87,-83.75,0.240919757406487
